{
  "pageElement" : {
    "pageElements" : [ {
      "definition" : {
        "fragment" : {
          "key" : "breadcrumb-fragment",
          "siteKey" : "Guest"
        },
        "fragmentConfig" : { },
        "fragmentFields" : [ {
          "id" : "page-name-details-title",
          "value" : {
            "fragmentLink" : { },
            "text" : {
              "mapping" : {
                "fieldKey" : "JournalArticle_title",
                "itemReference" : {
                  "contextSource" : "DisplayPageItem"
                }
              }
            }
          }
        }, {
          "id" : "page-name-details-link",
          "value" : {
            "fragmentLink" : {
              "value" : {
                "href" : {
                  "value" : "javascript:void(0)"
                }
              }
            }
          }
        }, {
          "id" : "page-name-title",
          "value" : {
            "fragmentLink" : {
              "value" : {
                "href" : {
                  "mapping" : { }
                }
              }
            },
            "text" : {
              "value_i18n" : {
                "en_US" : "Riders"
              }
            }
          }
        }, {
          "id" : "page-name-link",
          "value" : {
            "fragmentLink" : {
              "value" : {
                "href" : {
                  "value" : "javascript:void(0)"
                }
              }
            }
          }
        } ],
        "indexed" : true
      },
      "type" : "Fragment"
    }, {
      "definition" : {
        "fragment" : {
          "key" : "riders-details",
          "siteKey" : "Guest"
        },
        "fragmentConfig" : { },
        "fragmentFields" : [ {
          "id" : "rider-top-title",
          "value" : {
            "fragmentLink" : { },
            "text" : {
              "mapping" : {
                "fieldKey" : "JournalArticle_title",
                "itemReference" : {
                  "contextSource" : "DisplayPageItem"
                }
              }
            }
          }
        }, {
          "id" : "rider-disclaimer-text",
          "value" : {
            "fragmentLink" : { },
            "text" : {
              "mapping" : {
                "fieldKey" : "DDMStructure_RichText00315424",
                "itemReference" : {
                  "contextSource" : "DisplayPageItem"
                }
              }
            }
          }
        }, {
          "id" : "riders-broucher-icon",
          "value" : {
            "fragmentImage" : {
              "url" : {
                "value_i18n" : { }
              }
            },
            "fragmentLink" : { }
          }
        }, {
          "id" : "rider-features-description",
          "value" : {
            "fragmentLink" : { },
            "text" : {
              "mapping" : {
                "fieldKey" : "DDMStructure_RichText31271704",
                "itemReference" : {
                  "contextSource" : "DisplayPageItem"
                }
              }
            }
          }
        }, {
          "id" : "riders-sample-policy-contract-title",
          "value" : {
            "fragmentLink" : { }
          }
        }, {
          "id" : "rider-shot-description",
          "value" : {
            "fragmentLink" : { },
            "text" : {
              "mapping" : {
                "fieldKey" : "DDMStructure_RichText09531635",
                "itemReference" : {
                  "contextSource" : "DisplayPageItem"
                }
              }
            }
          }
        }, {
          "id" : "rider-rates--link",
          "value" : {
            "fragmentLink" : {
              "value" : {
                "href" : {
                  "value" : "javascript:;"
                }
              }
            }
          }
        }, {
          "id" : "riders-sample-policy-contract-icon",
          "value" : {
            "fragmentImage" : {
              "url" : {
                "value_i18n" : { }
              }
            },
            "fragmentLink" : { }
          }
        }, {
          "id" : "riders-broucher-title",
          "value" : {
            "fragmentLink" : { }
          }
        }, {
          "id" : "riders-sample-policy-contract-link",
          "value" : {
            "fragmentLink" : {
              "value" : {
                "href" : {
                  "value" : "javascript:;"
                }
              }
            }
          }
        }, {
          "id" : "rider-rates-icon",
          "value" : {
            "fragmentImage" : {
              "url" : {
                "value_i18n" : { }
              }
            },
            "fragmentLink" : { }
          }
        }, {
          "id" : "rider-rates--title",
          "value" : {
            "fragmentLink" : {
              "value" : {
                "href" : {
                  "value_i18n" : {
                    "en_US" : ""
                  }
                }
              }
            }
          }
        }, {
          "id" : "riders-broucher-link",
          "value" : {
            "fragmentLink" : {
              "value" : {
                "href" : {
                  "value" : "javascript:;"
                }
              }
            }
          }
        }, {
          "id" : "rider-features-title",
          "value" : {
            "fragmentLink" : { }
          }
        }, {
          "id" : "rider-uin-no",
          "value" : {
            "fragmentLink" : { },
            "text" : {
              "mapping" : {
                "fieldKey" : "DDMStructure_Text53433467",
                "itemReference" : {
                  "contextSource" : "DisplayPageItem"
                }
              }
            }
          }
        } ],
        "indexed" : true
      },
      "type" : "Fragment"
    } ],
    "type" : "Root"
  },
  "settings" : {
    "colorSchemeName" : "01",
    "masterPage" : {
      "key" : "master-template"
    },
    "themeName" : "edelweisstokio-theme",
    "themeSettings" : {
      "lfr-theme:regular:show-header" : "false",
      "lfr-theme:regular:wrap-widget-page-content" : "false",
      "lfr-theme:regular:show-header-search" : "false",
      "lfr-theme:regular:show-footer" : "false"
    }
  },
  "version" : 1.1
}