{
  "pageElement" : {
    "pageElements" : [ {
      "definition" : {
        "fragment" : {
          "key" : "header",
          "siteKey" : "Guest"
        },
        "fragmentConfig" : { },
        "fragmentFields" : [ {
          "id" : "forCustomerServiceNumber",
          "value" : {
            "fragmentLink" : { }
          }
        }, {
          "id" : "forCustomerServiceDate",
          "value" : {
            "fragmentLink" : { }
          }
        }, {
          "id" : "chatNew",
          "value" : {
            "fragmentImage" : {
              "title" : {
                "value" : "chat-new.svg"
              },
              "url" : {
                "value_i18n" : {
                  "en_US" : "/documents/d/guest/chat-new-svg?download=true"
                }
              }
            },
            "fragmentLink" : { }
          }
        }, {
          "id" : "callIcon",
          "value" : {
            "fragmentImage" : {
              "title" : {
                "value" : "call.svg"
              },
              "url" : {
                "value_i18n" : {
                  "en_US" : "/documents/d/guest/call-svg?download=true"
                }
              }
            },
            "fragmentLink" : { }
          }
        }, {
          "id" : "logo",
          "value" : {
            "fragmentImage" : {
              "description" : {
                "value_i18n" : {
                  "en_US" : ""
                }
              },
              "url" : {
                "value_i18n" : {
                  "en_US" : "/documents/d/guest/logo-1-jpg?download=true"
                }
              }
            },
            "fragmentLink" : {
              "value" : {
                "href" : {
                  "mapping" : {
                    "itemReference" : {
                      "className" : "com.liferay.portal.kernel.model.Layout",
                      "fields" : [ {
                        "fieldName" : "friendlyURL",
                        "fieldValue" : "/home"
                      }, {
                        "fieldName" : "privatePage",
                        "fieldValue" : "false"
                      }, {
                        "fieldName" : "siteKey",
                        "fieldValue" : "Guest"
                      } ]
                    }
                  }
                }
              }
            }
          }
        }, {
          "id" : "forProductQueries",
          "value" : {
            "fragmentLink" : { }
          }
        }, {
          "id" : "forProductQueriesMisscalled",
          "value" : {
            "fragmentLink" : { }
          }
        }, {
          "id" : "forProductQueriesNumber",
          "value" : {
            "fragmentLink" : { }
          }
        }, {
          "id" : "userIcon",
          "value" : {
            "fragmentImage" : {
              "url" : {
                "value_i18n" : {
                  "en_US" : "/documents/d/guest/user-svg?download=true"
                }
              }
            },
            "fragmentLink" : { }
          }
        }, {
          "id" : "mobilelogo",
          "value" : {
            "fragmentImage" : {
              "title" : {
                "value" : "logo.jpg"
              },
              "url" : {
                "value_i18n" : {
                  "en_US" : "/documents/d/guest/logo-jpg?download=true"
                }
              }
            },
            "fragmentLink" : { }
          }
        }, {
          "id" : "forCustomerService",
          "value" : {
            "fragmentLink" : { }
          }
        } ],
        "indexed" : true,
        "widgetInstances" : [ {
          "widgetConfig" : { },
          "widgetInstanceId" : "mainmenu",
          "widgetName" : "com_liferay_site_navigation_menu_web_portlet_SiteNavigationMenuPortlet"
        }, {
          "widgetConfig" : { },
          "widgetInstanceId" : "loginmenu",
          "widgetName" : "com_liferay_site_navigation_menu_web_portlet_SiteNavigationMenuPortlet"
        }, {
          "widgetConfig" : { },
          "widgetInstanceId" : "mobileMenu",
          "widgetName" : "com_liferay_site_navigation_menu_web_portlet_SiteNavigationMenuPortlet"
        }, {
          "widgetConfig" : { },
          "widgetInstanceId" : "mainLoginMenu",
          "widgetName" : "com_liferay_site_navigation_menu_web_portlet_SiteNavigationMenuPortlet"
        } ]
      },
      "type" : "Fragment"
    }, {
      "definition" : {
        "fragmentSettings" : {
          "unallowedFragments" : [ ]
        }
      },
      "type" : "DropZone"
    }, {
      "definition" : {
        "fragment" : {
          "key" : "footer",
          "siteKey" : "Guest"
        },
        "fragmentConfig" : {
          "numberOfsocialIcons" : 4
        },
        "fragmentFields" : [ {
          "id" : "footerGroupCompaniesMobile",
          "value" : {
            "fragmentLink" : {
              "value" : {
                "href" : {
                  "value" : "#footerFive"
                }
              }
            }
          }
        }, {
          "id" : "footerTell",
          "value" : {
            "fragmentLink" : { }
          }
        }, {
          "id" : "footerWebLink",
          "value" : {
            "fragmentLink" : {
              "value" : {
                "href" : {
                  "value_i18n" : {
                    "11" : ";",
                    "0" : "j",
                    "1" : "a",
                    "2" : "v",
                    "3" : "a",
                    "4" : "s",
                    "5" : "c",
                    "6" : "r",
                    "en_US" : "https://www.edelweisstokio.in",
                    "7" : "i",
                    "8" : "p",
                    "9" : "t",
                    "10" : ":"
                  }
                }
              }
            }
          }
        }, {
          "id" : "footerNote",
          "value" : {
            "fragmentLink" : { },
            "text" : {
              "value_i18n" : {
                "en_US" : "Edelweiss Tokio Life Insurance Company Limited. All Rights Reserved. Registered with Insurance Regulatory &amp; Development Authority of India (IRDAI) as Life Insurance Company. IRDAI Regn. No.: 147. CIN: U66010MH2009PLC197336. Tax benefits are as per the Income Tax Act, 1961, and are subject to amendments made thereto from time to time. For more details on risk factors and terms and conditions, please read sales brochure carefully before concluding a sale. Flower &amp; Edelweiss (as displayed above) are trademarks of Edelweiss Financial Services Limited; \"Tokio\" is Trademark of Tokio Marine Holdings Inc. and used by Edelweiss Tokio Life Insurance Co. Ltd. under license. Edelweiss Tokio Life Insurance Company Limited. Registered &amp; Corporate Office: 6th Floor, Tower 3, Wing ‘B’, Kohinoor City, Kirol Road, Kurla (W), Mumbai – 400070. Toll Free No.: 1800 212 1212 | Fax No.: +91 22 6117 7833 | www.edelweisstokio.in This is a Private website owned by the Company. Unauthorized scanning of vulnerabilities and exploitation of the same is strictly prohibited. If you have been found to do so, Company may bring Civil and/or Criminal action and/or legal proceedings against you which shall be entirely at your costs and consequences."
              }
            }
          }
        }, {
          "id" : "footerAllPlan",
          "value" : {
            "fragmentLink" : { }
          }
        }, {
          "id" : "footerCopyRight",
          "value" : {
            "fragmentLink" : { },
            "text" : {
              "value_i18n" : {
                "en_US" : "Copyright © 2019 Edelweiss Tokio Life Insurance Company Limited. All rights reserved."
              }
            }
          }
        }, {
          "id" : "footerLegalMobile",
          "value" : {
            "fragmentLink" : {
              "value" : {
                "href" : {
                  "value" : "#footerFour"
                }
              }
            }
          }
        }, {
          "id" : "footerEmail",
          "value" : {
            "fragmentLink" : {
              "value" : {
                "href" : {
                  "value_i18n" : {
                    "11" : ";",
                    "0" : "j",
                    "1" : "a",
                    "2" : "v",
                    "3" : "a",
                    "4" : "s",
                    "5" : "c",
                    "6" : "r",
                    "en_US" : "mailto:care@edelweisstokio.in",
                    "7" : "i",
                    "8" : "p",
                    "9" : "t",
                    "10" : ":"
                  }
                }
              }
            }
          }
        }, {
          "id" : "footerGroupCompanies",
          "value" : {
            "fragmentLink" : { }
          }
        }, {
          "id" : "footerAboutEdelwessTokio",
          "value" : {
            "fragmentLink" : { }
          }
        }, {
          "id" : "footerImportantLinksMobile",
          "value" : {
            "fragmentLink" : {
              "value" : {
                "href" : {
                  "value" : "#footerSeven"
                }
              }
            }
          }
        }, {
          "id" : "footerSmall",
          "value" : {
            "fragmentLink" : { }
          }
        }, {
          "id" : "footerSupport",
          "value" : {
            "fragmentLink" : { }
          }
        }, {
          "id" : "01-img3",
          "value" : {
            "fragmentLink" : { },
            "text" : {
              "value_i18n" : {
                "en_US" : "{\"fileEntryId\":\"44581\",\"url\":\"/documents/d/guest/insta-svg?download=true\"}"
              }
            }
          }
        }, {
          "id" : "01-img4",
          "value" : {
            "fragmentLink" : { },
            "text" : {
              "value_i18n" : {
                "en_US" : "{\"fileEntryId\":\"44592\",\"url\":\"/documents/d/guest/twitt-svg?download=true\"}"
              }
            }
          }
        }, {
          "id" : "01-img5",
          "value" : {
            "fragmentLink" : { },
            "text" : {
              "value_i18n" : {
                "en_US" : "{\"fileEntryId\":\"44603\",\"url\":\"/documents/d/guest/youtube-svg?download=true\"}"
              }
            }
          }
        }, {
          "id" : "footerCustomerServiceMobile",
          "value" : {
            "fragmentLink" : {
              "value" : {
                "href" : {
                  "value" : "#footerThree"
                }
              }
            }
          }
        }, {
          "id" : "footerPrivacyPolicy",
          "value" : {
            "fragmentLink" : {
              "value" : {
                "href" : {
                  "value" : "javascript:;"
                }
              }
            }
          }
        }, {
          "id" : "01-img2",
          "value" : {
            "fragmentLink" : { },
            "text" : {
              "value_i18n" : {
                "en_US" : "{\"fileEntryId\":\"44570\",\"url\":\"/documents/d/guest/fb-svg?download=true\"}"
              }
            }
          }
        }, {
          "id" : "footerFax",
          "value" : {
            "fragmentLink" : { }
          }
        }, {
          "id" : "footerBeware",
          "value" : {
            "fragmentLink" : { }
          }
        }, {
          "id" : "footerLegal",
          "value" : {
            "fragmentLink" : { }
          }
        }, {
          "id" : "footerAboutEdelwessTokioMobile",
          "value" : {
            "fragmentLink" : {
              "value" : {
                "href" : {
                  "value" : "#footerOne"
                }
              }
            }
          }
        }, {
          "id" : "footerImportantLinks",
          "value" : {
            "fragmentLink" : { }
          }
        }, {
          "id" : "footerTermService",
          "value" : {
            "fragmentLink" : {
              "value" : {
                "href" : {
                  "value" : "javascript:;"
                }
              }
            }
          }
        }, {
          "id" : "footerAllPlanMobile",
          "value" : {
            "fragmentLink" : {
              "value" : {
                "href" : {
                  "value" : "#footerTwo"
                }
              }
            }
          }
        }, {
          "id" : "footerCustomerService",
          "value" : {
            "fragmentLink" : { }
          }
        }, {
          "id" : "footerAdress",
          "value" : {
            "fragmentLink" : { },
            "text" : {
              "value_i18n" : {
                "en_US" : "Registered &amp; Corporate Office: 6th Floor, Tower 3, Wing ‘B’, Kohinoor City, Kirol Road, Kurla (W), Mumbai – 400070"
              }
            }
          }
        }, {
          "id" : "footerSupportMobile",
          "value" : {
            "fragmentLink" : {
              "value" : {
                "href" : {
                  "value" : "#footerSix"
                }
              }
            }
          }
        } ],
        "indexed" : true,
        "widgetInstances" : [ {
          "widgetConfig" : {
            "siteNavigationMenuId" : "44289",
            "displayStyle" : "ddmTemplate_44222",
            "displayDepth" : "0",
            "siteNavigationMenuType" : "-1",
            "rootMenuItemType" : "absolute",
            "expandedLevels" : "auto",
            "rootMenuItemLevel" : "0",
            "displayStyleGroupId" : "20121"
          },
          "widgetInstanceId" : "footerLink1",
          "widgetName" : "com_liferay_site_navigation_menu_web_portlet_SiteNavigationMenuPortlet"
        }, {
          "widgetConfig" : {
            "siteNavigationMenuId" : "44290",
            "displayStyle" : "ddmTemplate_44222",
            "displayDepth" : "0",
            "siteNavigationMenuType" : "-1",
            "rootMenuItemType" : "absolute",
            "expandedLevels" : "auto",
            "rootMenuItemLevel" : "0",
            "displayStyleGroupId" : "20121"
          },
          "widgetInstanceId" : "footerLink2",
          "widgetName" : "com_liferay_site_navigation_menu_web_portlet_SiteNavigationMenuPortlet"
        }, {
          "widgetConfig" : {
            "siteNavigationMenuId" : "44291",
            "displayStyle" : "ddmTemplate_44222",
            "displayDepth" : "0",
            "siteNavigationMenuType" : "-1",
            "rootMenuItemType" : "absolute",
            "expandedLevels" : "auto",
            "rootMenuItemLevel" : "0",
            "displayStyleGroupId" : "20121"
          },
          "widgetInstanceId" : "footerLink3",
          "widgetName" : "com_liferay_site_navigation_menu_web_portlet_SiteNavigationMenuPortlet"
        }, {
          "widgetConfig" : {
            "siteNavigationMenuId" : "44292",
            "displayStyle" : "ddmTemplate_44222",
            "displayDepth" : "0",
            "siteNavigationMenuType" : "-1",
            "rootMenuItemType" : "absolute",
            "expandedLevels" : "auto",
            "rootMenuItemLevel" : "0",
            "displayStyleGroupId" : "20121"
          },
          "widgetInstanceId" : "footerLink4",
          "widgetName" : "com_liferay_site_navigation_menu_web_portlet_SiteNavigationMenuPortlet"
        }, {
          "widgetConfig" : {
            "siteNavigationMenuId" : "44294",
            "displayStyle" : "ddmTemplate_44222",
            "displayDepth" : "0",
            "siteNavigationMenuType" : "-1",
            "rootMenuItemType" : "absolute",
            "expandedLevels" : "auto",
            "rootMenuItemLevel" : "0",
            "displayStyleGroupId" : "20121"
          },
          "widgetInstanceId" : "footerLink5",
          "widgetName" : "com_liferay_site_navigation_menu_web_portlet_SiteNavigationMenuPortlet"
        }, {
          "widgetConfig" : {
            "siteNavigationMenuId" : "44293",
            "displayStyle" : "ddmTemplate_44222",
            "displayDepth" : "0",
            "siteNavigationMenuType" : "-1",
            "rootMenuItemType" : "absolute",
            "expandedLevels" : "auto",
            "rootMenuItemLevel" : "0",
            "displayStyleGroupId" : "20121"
          },
          "widgetInstanceId" : "footerLink6",
          "widgetName" : "com_liferay_site_navigation_menu_web_portlet_SiteNavigationMenuPortlet"
        }, {
          "widgetConfig" : {
            "siteNavigationMenuId" : "44295",
            "displayStyle" : "ddmTemplate_44222",
            "displayDepth" : "0",
            "siteNavigationMenuType" : "-1",
            "rootMenuItemType" : "absolute",
            "expandedLevels" : "auto",
            "rootMenuItemLevel" : "0",
            "displayStyleGroupId" : "20121"
          },
          "widgetInstanceId" : "footerLink7",
          "widgetName" : "com_liferay_site_navigation_menu_web_portlet_SiteNavigationMenuPortlet"
        }, {
          "widgetConfig" : {
            "siteNavigationMenuId" : "44289",
            "displayStyle" : "ddmTemplate_44222",
            "displayDepth" : "0",
            "siteNavigationMenuType" : "-1",
            "rootMenuItemType" : "absolute",
            "expandedLevels" : "auto",
            "rootMenuItemLevel" : "0",
            "displayStyleGroupId" : "20121"
          },
          "widgetInstanceId" : "footerLink8",
          "widgetName" : "com_liferay_site_navigation_menu_web_portlet_SiteNavigationMenuPortlet"
        }, {
          "widgetConfig" : {
            "siteNavigationMenuId" : "44290",
            "displayStyle" : "ddmTemplate_44222",
            "displayDepth" : "0",
            "siteNavigationMenuType" : "-1",
            "rootMenuItemType" : "absolute",
            "expandedLevels" : "auto",
            "rootMenuItemLevel" : "0",
            "displayStyleGroupId" : "20121"
          },
          "widgetInstanceId" : "footerLink9",
          "widgetName" : "com_liferay_site_navigation_menu_web_portlet_SiteNavigationMenuPortlet"
        }, {
          "widgetConfig" : {
            "siteNavigationMenuId" : "44291",
            "displayStyle" : "ddmTemplate_44222",
            "displayDepth" : "0",
            "siteNavigationMenuType" : "-1",
            "rootMenuItemType" : "absolute",
            "expandedLevels" : "auto",
            "rootMenuItemLevel" : "0",
            "displayStyleGroupId" : "20121"
          },
          "widgetInstanceId" : "footerLink10",
          "widgetName" : "com_liferay_site_navigation_menu_web_portlet_SiteNavigationMenuPortlet"
        }, {
          "widgetConfig" : {
            "siteNavigationMenuId" : "44292",
            "displayStyle" : "ddmTemplate_44222",
            "displayDepth" : "0",
            "siteNavigationMenuType" : "-1",
            "rootMenuItemType" : "absolute",
            "expandedLevels" : "auto",
            "rootMenuItemLevel" : "0",
            "displayStyleGroupId" : "20121"
          },
          "widgetInstanceId" : "footerLink11",
          "widgetName" : "com_liferay_site_navigation_menu_web_portlet_SiteNavigationMenuPortlet"
        }, {
          "widgetConfig" : {
            "siteNavigationMenuId" : "44294",
            "displayStyle" : "ddmTemplate_44222",
            "displayDepth" : "0",
            "siteNavigationMenuType" : "-1",
            "rootMenuItemType" : "absolute",
            "expandedLevels" : "auto",
            "rootMenuItemLevel" : "0",
            "displayStyleGroupId" : "20121"
          },
          "widgetInstanceId" : "footerLink12",
          "widgetName" : "com_liferay_site_navigation_menu_web_portlet_SiteNavigationMenuPortlet"
        }, {
          "widgetConfig" : {
            "siteNavigationMenuId" : "44293",
            "displayStyle" : "ddmTemplate_44222",
            "displayDepth" : "0",
            "siteNavigationMenuType" : "-1",
            "rootMenuItemType" : "absolute",
            "expandedLevels" : "auto",
            "rootMenuItemLevel" : "0",
            "displayStyleGroupId" : "20121"
          },
          "widgetInstanceId" : "footerLink13",
          "widgetName" : "com_liferay_site_navigation_menu_web_portlet_SiteNavigationMenuPortlet"
        }, {
          "widgetConfig" : {
            "siteNavigationMenuId" : "44295",
            "displayStyle" : "ddmTemplate_44222",
            "displayDepth" : "0",
            "siteNavigationMenuType" : "-1",
            "rootMenuItemType" : "absolute",
            "expandedLevels" : "auto",
            "rootMenuItemLevel" : "0",
            "displayStyleGroupId" : "20121"
          },
          "widgetInstanceId" : "footerLink14",
          "widgetName" : "com_liferay_site_navigation_menu_web_portlet_SiteNavigationMenuPortlet"
        } ]
      },
      "type" : "Fragment"
    } ],
    "type" : "Root"
  },
  "settings" : {
    "colorSchemeName" : "01",
    "themeName" : "edelweisstokio-theme"
  },
  "version" : 1.1
}