{
  "pageElement" : {
    "pageElements" : [ {
      "definition" : {
        "fragment" : {
          "key" : "blogs-details",
          "siteKey" : "Guest"
        },
        "fragmentConfig" : { },
        "fragmentFields" : [ {
          "id" : "related_title",
          "value" : {
            "fragmentLink" : { }
          }
        }, {
          "id" : "prLink",
          "value" : {
            "fragmentLink" : {
              "value" : {
                "href" : {
                  "value_i18n" : {
                    "0" : "/",
                    "1" : "b",
                    "2" : "l",
                    "3" : "o",
                    "4" : "g",
                    "en_US" : "/web/guest/blogs"
                  }
                }
              }
            },
            "text" : {
              "value_i18n" : {
                "en_US" : "Back To BlogS"
              }
            }
          }
        }, {
          "id" : "publishDateBottom",
          "value" : {
            "fragmentLink" : { },
            "text" : {
              "mapping" : {
                "fieldKey" : "BlogsEntry_displayDate",
                "itemReference" : {
                  "contextSource" : "DisplayPageItem"
                }
              }
            }
          }
        }, {
          "id" : "publishDate",
          "value" : {
            "fragmentLink" : { },
            "text" : {
              "mapping" : {
                "fieldKey" : "BlogsEntry_displayDate",
                "itemReference" : {
                  "contextSource" : "DisplayPageItem"
                }
              }
            }
          }
        }, {
          "id" : "blogImgThum",
          "value" : {
            "fragmentImage" : {
              "url" : {
                "mapping" : {
                  "fieldKey" : "BlogsEntry_smallImage",
                  "itemReference" : {
                    "contextSource" : "DisplayPageItem"
                  }
                }
              }
            },
            "fragmentLink" : { }
          }
        }, {
          "id" : "titleBottom",
          "value" : {
            "fragmentLink" : { }
          }
        }, {
          "id" : "blogImg",
          "value" : {
            "fragmentImage" : {
              "url" : {
                "mapping" : {
                  "fieldKey" : "BlogsEntry_coverImage",
                  "itemReference" : {
                    "contextSource" : "DisplayPageItem"
                  }
                }
              }
            },
            "fragmentLink" : {
              "value" : {
                "href" : {
                  "value_i18n" : {
                    "en_US" : ""
                  }
                }
              }
            }
          }
        }, {
          "id" : "title",
          "value" : {
            "fragmentLink" : { },
            "text" : {
              "mapping" : {
                "fieldKey" : "BlogsEntry_title",
                "itemReference" : {
                  "contextSource" : "DisplayPageItem"
                }
              }
            }
          }
        }, {
          "id" : "content",
          "value" : {
            "fragmentLink" : { },
            "text" : {
              "mapping" : {
                "fieldKey" : "BlogsEntry_content",
                "itemReference" : {
                  "contextSource" : "DisplayPageItem"
                }
              }
            }
          }
        } ],
        "indexed" : true,
        "widgetInstances" : [ {
          "widgetConfig" : {
            "enableComments" : "false",
            "enableRelatedAssets" : "false",
            "subtypeFieldsFilterEnabled" : "false",
            "enableViewCountIncrement" : "false",
            "delta" : "20",
            "showAvailableLocales" : "false",
            "displayStyleGroupId" : "20121",
            "assetLinkBehavior" : "viewInPortlet",
            "selectionStyle" : "dynamic",
            "displayStyle" : "ddmTemplate_68627",
            "enablePermissions" : "true",
            "enableRss" : "false",
            "rssFeedType" : "atom_1.0",
            "classTypeIdsJournalArticleAssetRendererFactory" : "43301,44641,44650,47987,76429,78017,82928,83312,83760,83947,84036,84119,85999,86040,86402,88126,95695,100903,101392,103523,106909,107110,109464,109568,110430,110575,111695,115424,116245",
            "rssDisplayStyle" : "abstract",
            "anyAssetType" : "40618",
            "queryName0" : "assetTags",
            "enableRatings" : "false",
            "orderByColumn2" : "title",
            "orderByColumn1" : "modifiedDate",
            "socialBookmarksTypes" : "",
            "emailFromName" : "Test Test",
            "abstractLength" : "200",
            "showMetadataDescriptions" : "true",
            "enableFlags" : "false",
            "showAddContentButton" : "true",
            "rssName" : "Related Assets",
            "showExtraInfo" : "true",
            "mergeUrlTags" : "true",
            "queryContains0" : "true",
            "socialBookmarksDisplayStyle" : "inline",
            "classTypeIdsDLFileEntryAssetRendererFactory" : "0,42923,43005",
            "classNameIds" : "89137",
            "queryAndOperator0" : "true",
            "emailAssetEntryAddedEnabled" : "true",
            "rssDelta" : "20",
            "metadataFields" : "author,modified-date",
            "customUserAttributes" : "",
            "anyClassTypeJournalArticleAssetRendererFactory" : "true",
            "showContextLink" : "true",
            "enableCommentRatings" : "false",
            "emailFromAddress" : "test@liferay.com",
            "anyClassTypeDLFileEntryAssetRendererFactory" : "true",
            "enablePrint" : "false",
            "emailAssetEntryAddedBody_en_US" : "<p>Dear [$TO_NAME$],<br />\n<br />\nThis is an autogenerated email for the [$PORTLET_NAME$] portlet.<br />\n<br />\nThe following asset entries have been added to [$PORTLET_TITLE$]: [$ASSET_ENTRIES$].<br />\n<br />\nSincerely,<br />\n[$FROM_NAME$]<br />\n[$FROM_ADDRESS$]</p>\n",
            "showAssetTitle" : "true",
            "orderByType1" : "DESC",
            "orderByType2" : "ASC",
            "enableSubscriptions" : "false",
            "paginationType" : "none",
            "assetVocabularyId" : ""
          },
          "widgetName" : "com_liferay_asset_publisher_web_portlet_RelatedAssetsPortlet"
        } ]
      },
      "pageElements" : [ {
        "definition" : { },
        "pageElements" : [ {
          "definition" : {
            "widgetInstance" : {
              "widgetConfig" : { },
              "widgetName" : "in_edelweiss_product_enquiry_web_EdelweissProductEnquiryWebPortlet"
            }
          },
          "type" : "Widget"
        } ],
        "type" : "FragmentDropZone"
      } ],
      "type" : "Fragment"
    } ],
    "type" : "Root"
  },
  "settings" : {
    "colorSchemeName" : "01",
    "masterPage" : {
      "key" : "master-template"
    },
    "themeName" : "Classic",
    "themeSettings" : {
      "lfr-theme:regular:show-header" : "on",
      "lfr-theme:regular:show-maximize-minimize-application-links" : "false",
      "lfr-theme:regular:wrap-widget-page-content" : "on",
      "lfr-theme:regular:show-header-search" : "on",
      "lfr-theme:regular:show-footer" : "on"
    }
  },
  "version" : 1.1
}