{
  "pageElement" : {
    "pageElements" : [ {
      "definition" : {
        "fragment" : {
          "key" : "news-details",
          "siteKey" : "Guest"
        },
        "fragmentConfig" : { },
        "fragmentFields" : [ {
          "id" : "newsMobileDetailsImg",
          "value" : {
            "fragmentImage" : {
              "title" : {
                "value" : "newsbannermobile"
              },
              "url" : {
                "value_i18n" : {
                  "en_US" : "/documents/d/guest/newsbannermobile?download=true"
                }
              }
            },
            "fragmentLink" : { }
          }
        }, {
          "id" : "publishDate",
          "value" : {
            "fragmentLink" : { },
            "text" : {
              "mapping" : {
                "fieldKey" : "JournalArticle_publishDate",
                "itemReference" : {
                  "contextSource" : "DisplayPageItem"
                }
              }
            }
          }
        }, {
          "id" : "newsDetails",
          "value" : {
            "fragmentLink" : { }
          }
        }, {
          "id" : "title",
          "value" : {
            "fragmentLink" : { },
            "text" : {
              "mapping" : {
                "fieldKey" : "JournalArticle_title",
                "itemReference" : {
                  "contextSource" : "DisplayPageItem"
                }
              }
            }
          }
        }, {
          "id" : "newsDetailsImg",
          "value" : {
            "fragmentImage" : {
              "description" : {
                "value_i18n" : {
                  "en_US" : ""
                }
              },
              "title" : {
                "value" : "newsbanner"
              },
              "url" : {
                "value_i18n" : {
                  "en_US" : "/documents/d/guest/newsbanner?download=true"
                }
              }
            },
            "fragmentLink" : { }
          }
        }, {
          "id" : "newsLink",
          "value" : {
            "fragmentLink" : {
              "value" : {
                "href" : {
                  "mapping" : {
                    "itemReference" : {
                      "className" : "com.liferay.portal.kernel.model.Layout",
                      "fields" : [ {
                        "fieldName" : "friendlyURL",
                        "fieldValue" : "/news"
                      }, {
                        "fieldName" : "privatePage",
                        "fieldValue" : "false"
                      }, {
                        "fieldName" : "siteKey",
                        "fieldValue" : "Guest"
                      } ]
                    }
                  }
                }
              }
            },
            "text" : {
              "value_i18n" : {
                "en_US" : "Back To News"
              }
            }
          }
        }, {
          "id" : "content",
          "value" : {
            "fragmentLink" : { },
            "text" : {
              "mapping" : {
                "fieldKey" : "DDMStructure_RichText50837595",
                "itemReference" : {
                  "contextSource" : "DisplayPageItem"
                }
              }
            }
          }
        }, {
          "id" : "topNewsTitle",
          "value" : {
            "fragmentLink" : { },
            "text" : {
              "value_i18n" : {
                "en_US" : "Recent News"
              }
            }
          }
        } ],
        "indexed" : true
      },
      "pageElements" : [ {
        "definition" : { },
        "pageElements" : [ {
          "definition" : {
            "widgetInstance" : {
              "widgetConfig" : {
                "enableComments" : "false",
                "enableRelatedAssets" : "false",
                "subtypeFieldsFilterEnabled" : "false",
                "enableViewCountIncrement" : "false",
                "delta" : "20",
                "showExtraInfo" : "true",
                "showAvailableLocales" : "false",
                "displayStyleGroupId" : "20121",
                "assetLinkBehavior" : "viewInPortlet",
                "infoListProviderKey" : "",
                "selectionStyle" : "asset-list",
                "displayStyle" : "ddmTemplate_44210",
                "assetListEntryId" : "",
                "enablePermissions" : "true",
                "mergeUrlTags" : "true",
                "socialBookmarksDisplayStyle" : "inline",
                "emailAssetEntryAddedEnabled" : "true",
                "metadataFields" : "author,modified-date",
                "showContextLink" : "true",
                "enableCommentRatings" : "false",
                "emailFromAddress" : "test@liferay.com",
                "enableRatings" : "false",
                "enablePrint" : "false",
                "emailAssetEntryAddedBody_en_US" : "<p>Dear [$TO_NAME$],<br />\n<br />\nThis is an autogenerated email for the [$PORTLET_NAME$] portlet.<br />\n<br />\nThe following asset entries have been added to [$PORTLET_TITLE$]: [$ASSET_ENTRIES$].<br />\n<br />\nSincerely,<br />\n[$FROM_NAME$]<br />\n[$FROM_ADDRESS$]</p>\n",
                "socialBookmarksTypes" : "",
                "showAssetTitle" : "true",
                "enableSubscriptions" : "false",
                "paginationType" : "none",
                "emailFromName" : "Test Test",
                "abstractLength" : "200",
                "showMetadataDescriptions" : "true",
                "enableFlags" : "false",
                "showAddContentButton" : "true"
              },
              "widgetName" : "com_liferay_asset_publisher_web_portlet_AssetPublisherPortlet"
            }
          },
          "type" : "Widget"
        } ],
        "type" : "FragmentDropZone"
      }, {
        "definition" : { },
        "pageElements" : [ {
          "definition" : {
            "widgetInstance" : {
              "widgetConfig" : {
                "enableComments" : "false",
                "enableRelatedAssets" : "false",
                "subtypeFieldsFilterEnabled" : "false",
                "enableViewCountIncrement" : "true",
                "delta" : "10",
                "showAvailableLocales" : "false",
                "displayStyleGroupId" : "20121",
                "assetLinkBehavior" : "viewInPortlet",
                "selectionStyle" : "dynamic",
                "displayStyle" : "ddmTemplate_44198",
                "enablePermissions" : "true",
                "enableRss" : "false",
                "rssFeedType" : "atom_1.0",
                "classTypeIdsJournalArticleAssetRendererFactory" : "44641",
                "rssDisplayStyle" : "abstract",
                "anyAssetType" : "39809",
                "queryName0" : "assetTags",
                "subtypeFieldsFilterEnabledJournalArticleAssetRendererFactory" : "false",
                "enableRatings" : "true",
                "orderByColumn2" : "title",
                "orderByColumn1" : "modifiedDate",
                "socialBookmarksTypes" : "",
                "emailFromName" : "Test Test",
                "abstractLength" : "200",
                "showMetadataDescriptions" : "true",
                "enableFlags" : "false",
                "showAddContentButton" : "true",
                "subtypeFieldsFilterEnabledDLFileEntryAssetRendererFactory" : "false",
                "ddmStructureFieldName" : "",
                "rssName" : "Asset Publisher",
                "classTypeIds" : "44641",
                "showExtraInfo" : "true",
                "infoListProviderKey" : "",
                "assetListEntryId" : "",
                "mergeUrlTags" : "true",
                "queryContains0" : "true",
                "socialBookmarksDisplayStyle" : "inline",
                "classTypeIdsDLFileEntryAssetRendererFactory" : "0,42923,43005",
                "classNameIds" : "39809",
                "queryAndOperator0" : "true",
                "emailAssetEntryAddedEnabled" : "true",
                "rssDelta" : "20",
                "metadataFields" : "author,modified-date,view-count",
                "customUserAttributes" : "",
                "anyClassTypeJournalArticleAssetRendererFactory" : "44641",
                "showContextLink" : "true",
                "enableCommentRatings" : "false",
                "emailFromAddress" : "test@liferay.com",
                "anyClassTypeDLFileEntryAssetRendererFactory" : "true",
                "enablePrint" : "false",
                "emailAssetEntryAddedBody_en_US" : "<p>Dear [$TO_NAME$],<br />\n<br />\nThis is an autogenerated email for the [$PORTLET_NAME$] portlet.<br />\n<br />\nThe following asset entries have been added to [$PORTLET_TITLE$]: [$ASSET_ENTRIES$].<br />\n<br />\nSincerely,<br />\n[$FROM_NAME$]<br />\n[$FROM_ADDRESS$]</p>\n",
                "showAssetTitle" : "true",
                "orderByType1" : "DESC",
                "orderByType2" : "ASC",
                "enableSubscriptions" : "false",
                "paginationType" : "none",
                "assetVocabularyId" : "",
                "ddmStructureFieldValue" : "",
                "ddmStructureDisplayFieldValue" : ""
              },
              "widgetName" : "com_liferay_asset_publisher_web_portlet_AssetPublisherPortlet"
            }
          },
          "type" : "Widget"
        } ],
        "type" : "FragmentDropZone"
      } ],
      "type" : "Fragment"
    } ],
    "type" : "Root"
  },
  "settings" : {
    "colorSchemeName" : "01",
    "masterPage" : {
      "key" : "master-template"
    },
    "themeName" : "Classic",
    "themeSettings" : {
      "lfr-theme:regular:show-header" : "false",
      "lfr-theme:regular:wrap-widget-page-content" : "false",
      "lfr-theme:regular:show-header-search" : "false",
      "lfr-theme:regular:show-footer" : "false"
    }
  },
  "version" : 1.1
}